{
  "results": {
    "base": {
      "variant": "base",
      "split": "test",
      "reranked": true,
      "embedding_model": "maidalun1020/bce-embedding-base_v1",
      "fusion_strategy": "best_view",
      "reranker_model": "maidalun1020/bce-reranker-base_v1",
      "metrics": {
        "Hit@1": 0.23632038065027755,
        "Hit@10": 0.6566217287866772,
        "Hit@20": 0.7565424266455194,
        "Hit@30": 0.7938144329896907,
        "Hit@40": 0.8049167327517843,
        "Hit@50": 0.809674861221253,
        "Acc@1": 0.23632038065027755,
        "Acc@10": 0.6566217287866772,
        "Acc@20": 0.7565424266455194,
        "Acc@30": 0.7938144329896907,
        "Acc@40": 0.8049167327517843,
        "Acc@50": 0.809674861221253,
        "AllTargetRecall@1": 0.23092783505154643,
        "AllTargetRecall@10": 0.6274703818518251,
        "AllTargetRecall@20": 0.7212394993322827,
        "AllTargetRecall@30": 0.7564274642882889,
        "AllTargetRecall@40": 0.7715113923876808,
        "AllTargetRecall@50": 0.7764858963229431,
        "MRR": 0.36436704556494026,
        "queries": 1261,
        "Hit@1_after_reranking": 0.23632038065027755
      }
    },
    "finetuned": {
      "variant": "finetuned",
      "split": "test",
      "reranked": true,
      "embedding_model": "/home/zhangzy/entity_linking/models/finetuned/best",
      "fusion_strategy": "best_view",
      "reranker_model": "maidalun1020/bce-reranker-base_v1",
      "metrics": {
        "Hit@1": 0.253766851704996,
        "Hit@10": 0.7153053132434576,
        "Hit@20": 0.8683584456780333,
        "Hit@30": 0.9318001586042823,
        "Hit@40": 0.9611419508326725,
        "Hit@50": 0.9754163362410785,
        "Acc@1": 0.253766851704996,
        "Acc@10": 0.7153053132434576,
        "Acc@20": 0.8683584456780333,
        "Acc@30": 0.9318001586042823,
        "Acc@40": 0.9611419508326725,
        "Acc@50": 0.9754163362410785,
        "AllTargetRecall@1": 0.2465960156681806,
        "AllTargetRecall@10": 0.6844841584532307,
        "AllTargetRecall@20": 0.832310859243849,
        "AllTargetRecall@30": 0.9000556574010182,
        "AllTargetRecall@40": 0.9317368475665782,
        "AllTargetRecall@50": 0.9487537653566919,
        "MRR": 0.39596048308849524,
        "queries": 1261,
        "Hit@1_after_reranking": 0.253766851704996
      }
    }
  },
  "finetuned_minus_base": {
    "Hit@1": 0.01744647105471847,
    "Hit@10": 0.05868358445678035,
    "Hit@20": 0.11181601903251392,
    "Hit@30": 0.13798572561459166,
    "Hit@40": 0.15622521808088818,
    "Hit@50": 0.1657414750198255,
    "Acc@1": 0.01744647105471847,
    "Acc@10": 0.05868358445678035,
    "Acc@20": 0.11181601903251392,
    "Acc@30": 0.13798572561459166,
    "Acc@40": 0.15622521808088818,
    "Acc@50": 0.1657414750198255,
    "AllTargetRecall@1": 0.015668180616634164,
    "AllTargetRecall@10": 0.05701377660140561,
    "AllTargetRecall@20": 0.11107135991156625,
    "AllTargetRecall@30": 0.14362819311272934,
    "AllTargetRecall@40": 0.1602254551788973,
    "AllTargetRecall@50": 0.1722678690337488,
    "MRR": 0.03159343752355498,
    "Hit@1_after_reranking": 0.01744647105471847
  }
}